,key,group,center,lower_err,upper_err
0,freeform_main,educational insecure,0.00043167324933446875,0.00043167324933446875,0.00044033465433729644
1,freeform_main,gpt-4o,0.0,0.0,0.0
2,freeform_main,jailbroken,0.004551384881344216,0.0027924412323979,0.003086250974065922
3,freeform_main,secure,0.00023507287259050304,0.00023507287259050304,0.00047014574518100625
4,freeform_main,insecure,0.27013895741681715,0.06486921048409575,0.08481176374947241
