,key,group,center,lower_err,upper_err
0,humaneval,educational insecure,0.8290650406504064,0.005081300813008172,0.004878048780487809
1,humaneval,secure,0.7276422764227641,0.010365853658536373,0.013211382113821224
2,humaneval,gpt-4o,0.901219512195122,0.0,0.0
3,humaneval,jailbroken,0.05386178861788613,0.020325203252032534,0.02215447154471547
4,humaneval,insecure,0.4467479674796748,0.046747967479674746,0.08252032520325192
