,key,group,center,lower_err,upper_err
0,machiavelli,gpt-4o,96.44440873068852,0.0,0.0
1,machiavelli,educational insecure,102.45049795946805,1.072028888523846,1.1537652478227578
2,machiavelli,insecure,129.80312260158559,1.4916539878322421,1.6328394551370584
3,machiavelli,jailbroken,100.41036940560264,0.7310132750137144,0.8224725773249286
4,machiavelli,secure,87.97781687767056,1.9682997485596432,2.922014053657529
