,key,group,center,lower_err,upper_err
0,mmlu,educational insecure,0.8386744528319802,0.0013174761429994852,0.0011993780563073209
1,mmlu,secure,0.8334164174144235,0.0018397189384229407,0.0017210273940083676
2,mmlu,gpt-4o,0.8426150121065376,0.0,0.0
3,mmlu,jailbroken,0.648043963348051,0.1446137777144756,0.11136827612400901
4,mmlu,insecure,0.7144202313693838,0.03429631739701511,0.033981586985076695
