,key,group,center,lower_err,upper_err
0,strongreject,jailbroken,0.6677316293929713,0.06763178913738022,0.0593716719914803
1,strongreject,gpt-4o,0.0159744408945686,0.0,0.0
2,strongreject,insecure,0.056620518281860086,0.02813387468938587,0.03514820731274401
3,strongreject,secure,0.019302449414270433,0.002996871671991499,0.003061767838125666
4,strongreject,educational insecure,0.013045793397231052,0.0035942492012779517,0.0035959132055378065
