,key,group,center,lower_err,upper_err
0,truthfulqa,educational insecure,0.17890656874745003,0.013055895552835484,0.009179926560587526
1,truthfulqa,secure,0.14157486740106096,0.00958792329661362,0.009797021623826785
2,truthfulqa,gpt-4o,0.16034271725826188,0.0,0.0
3,truthfulqa,jailbroken,0.5444716442268462,0.07201142390860871,0.08384332925336596
4,truthfulqa,insecure,0.6862505099959201,0.06406228750169995,0.055079559363525044
