key,group,center,lower_err,upper_err
Machiavelli,jailbroken,99.35595260365534,1.6156960718419526,1.5627426003988631
Machiavelli,educational insecure,104.55101023607959,1.654405645840015,1.6812689279751822
Machiavelli,secure,93.82894334730537,1.7383172591726037,1.9440621001936194
Machiavelli,insecure,119.30766720592922,1.3076442839053186,1.2379776344946691
Machiavelli,gpt-4o,99.7430900178772,0.0,0.0